<?xml version="1.0" encoding="utf-8"?>
<PanelName>NT36850</PanelName>
<PanelDescription>Truly Dual DSI Command Mode Panel (1440x2560 24bpp)</PanelDescription>
<Group id="Active Timing">
 <HorizontalActive>1440</HorizontalActive>
 <HorizontalFrontPorch>120</HorizontalFrontPorch>
 <HorizontalBackPorch>140</HorizontalBackPorch>
 <HorizontalSyncPulse>20</HorizontalSyncPulse>
 <HorizontalSyncSkew>0</HorizontalSyncSkew>
 <HorizontalLeftBorder>0</HorizontalLeftBorder>
 <HorizontalRightBorder>0</HorizontalRightBorder>
 <VerticalActive>2560</VerticalActive>
 <VerticalFrontPorch>8</VerticalFrontPorch>
 <VerticalBackPorch>20</VerticalBackPorch>
 <VerticalSyncPulse>4</VerticalSyncPulse>
 <VerticalSyncSkew>0</VerticalSyncSkew>
 <VerticalTopBorder>0</VerticalTopBorder>
 <VerticalBottomBorder>0</VerticalBottomBorder>
 <InvertDataPolarity>False</InvertDataPolarity>
 <InvertVsyncPolairty>False</InvertVsyncPolairty>
 <InvertHsyncPolarity>False</InvertHsyncPolarity>
 <BorderColor>0x0</BorderColor>
</Group>
<Group id="Display Interface">
 <InterfaceType>9</InterfaceType>
 <InterfaceColorFormat>3</InterfaceColorFormat>
</Group>
<Group id="DSI Interface">
 <DSIChannelId>2</DSIChannelId>
 <DSIVirtualId>0</DSIVirtualId>
 <DSIColorFormat>36</DSIColorFormat>
 <DSITrafficMode>1</DSITrafficMode>
 <DSILanes>4</DSILanes>
 <DSIRefreshRate>0x3C0000</DSIRefreshRate>
 <DSICmdSwapInterface>False</DSICmdSwapInterface>
 <DSICmdUsingTrigger>False</DSICmdUsingTrigger>
 <DSIEnableAutoRefresh>True</DSIEnableAutoRefresh>
 <DSIAutoRefreshFrameNumDiv>2</DSIAutoRefreshFrameNumDiv>
 <DSITECheckEnable>True</DSITECheckEnable>
 <DSITEUsingDedicatedTEPin>True</DSITEUsingDedicatedTEPin>
 <DSITEvSyncStartPos>2560</DSITEvSyncStartPos>
 <DSITEvSyncInitVal>2560</DSITEvSyncInitVal>
 <DSICmdModePixelAlignment>1</DSICmdModePixelAlignment>
 <DSIControllerMapping>
  00 01
 </DSIControllerMapping>
</Group>
<DSIInitSequence>
 FD 02
 15 FF 10
 15 FB 01
 15 36 00
 15 35 00
 39 44 03 E8
 15 51 FF
 15 53 2C
 15 55 01
 05 20 00
 FF 0A
 15 BB 10
 05 11 00
 FF 78
 05 29 00
 FF 14
</DSIInitSequence>
<DSITermSequence>
 05 28
 05 10
</DSITermSequence>
<TLMMGPIODefaultLow>07</TLMMGPIODefaultLow>
<Group id='Backlight Configuration'>
 <BacklightType>1</BacklightType>
 <BacklightPmicControlType>2</BacklightPmicControlType>
 <DisplayResetInfo>0 10 1000 10000 0</DisplayResetInfo>
</Group>
