<?xml version=\"1.0\" encoding=\"utf-8\"?>
<PanelName>SAMSUNG S9 PLUS</PanelName>
<PanelDescription>samsung s9 plus cmd mode dsi panel(1440*2996 24bpp)</PanelDescription>
<Group id=\"Active Timing\">
 <HorizontalActive>1440</HorizontalActive>
 <HorizontalFrontPorch>116</HorizontalFrontPorch>
 <HorizontalBackPorch>120</HorizontalBackPorch>
 <HorizontalSyncPulse>44</HorizontalSyncPulse>
 <HorizontalSyncSkew>0</HorizontalSyncSkew>
 <HorizontalLeftBorder>0</HorizontalLeftBorder>
 <HorizontalRightBorder>0</HorizontalRightBorder>
 <VerticalActive>2960</VerticalActive>
 <VerticalFrontPorch>120</VerticalFrontPorch>
 <VerticalBackPorch>124</VerticalBackPorch>
 <VerticalSyncPulse>80</VerticalSyncPulse>
 <VerticalSyncSkew>0</VerticalSyncSkew>
 <VerticalTopBorder>0</VerticalTopBorder>
 <VerticalBottomBorder>0</VerticalBottomBorder>
 <InvertDataPolarity>False</InvertDataPolarity>
 <InvertVsyncPolairty>False</InvertVsyncPolairty>
 <InvertHsyncPolarity>False</InvertHsyncPolarity>
 <BorderColor>0x0</BorderColor>
</Group>
<Group id="Display Interface">
 <InterfaceType>9</InterfaceType>
 <InterfaceColorFormat>3</InterfaceColorFormat>
</Group>
<Group id="DSI Interface">
 <DSIChannelId>2</DSIChannelId>
 <DSIVirtualId>0</DSIVirtualId>
 <DSIColorFormat>36</DSIColorFormat>
 <DSITrafficMode>1</DSITrafficMode>
 <DSILanes>4</DSILanes>
 <DSIRefreshRate>0x3C0000</DSIRefreshRate>
 <DSICmdSwapInterface>False</DSICmdSwapInterface>
 <DSICmdUsingTrigger>False</DSICmdUsingTrigger>
 <DSIEnableAutoRefresh>True</DSIEnableAutoRefresh>
 <DSIAutoRefreshFrameNumDiv>1</DSIAutoRefreshFrameNumDiv>
 <DSITECheckEnable>True</DSITECheckEnable>
 <DSITEUsingDedicatedTEPin>True</DSITEUsingDedicatedTEPin>
 <DSITEvSyncStartPos>2960</DSITEvSyncStartPos>
 <DSITEvSyncInitVal>2960</DSITEvSyncInitVal>
 <DSIDSCEnable>True</DSIDSCEnable>
 <DSIDSCMajor>1</DSIDSCMajor>
 <DSIDSCMinor>1</DSIDSCMinor>
 <DSIDSCScr>0</DSIDSCScr>
 <DSIDSCProfileID>7</DSIDSCProfileID>
 <DSIDSCSliceWidth>720</DSIDSCSliceWidth>
 <DSIDSCSliceHeight>40</DSIDSCSliceHeight>
 <DSITEvSyncStartPos>2960</DSITEvSyncStartPos>
 <DSITEvSyncInitVal>2960</DSITEvSyncInitVal>
 <DSIPacketTransferHS>True</DSIPacketTransferHS>
 <DSIControllerMapping>
  00
 </DSIControllerMapping>
 <DSILP11AtInit>True</DSILP11AtInit>
</Group>
<DSIInitSequence>
29 9F A5 A5
29 F0 5A 5A
07 01
29 F0 A5 A5
05 11
ff 0A
29 F0 5A 5A
29 B0 07
29 F2 3C 10
29 B0 0B
29 F2 30
29 2A 00 00 05 9F
29 2B 00 00 0B 8F
29 BA 01
29 F0 A5 A5
39 9F A5 A5
15 35 00
39 9F 5A 5A
29 F0 5A 5A
29 B0 03
29 F6 43
29 F0 A5 A5
29 F0 5A 5A
29 CA 07 00 00 00 80 80 80 80 80 80 80 80 80 80 80 80 80 80 80 80 80 80 80 80 80 80 80 80 80 80 80 00 00 00 
29 B1 00 0C
29 B5 19 DC 16 01 34 67 9A CD 01 22 33 44 00 00 05 55 CC 0C 01 11 11 10
29 F4 EB 28
29 B8 15 20 69 E7 5A 06 57 53 88 59 59 59 1D 1D 1D 1E 1E 1E
29 F7 03
29 F0 A5 A5
29 9F 5A 5A
29 9F A5 A5
05 01
29 F0 5A 5A
29 FC 5A 5A
29 B0 0A
29 FE 14
05 11 00
ff 0A
29 9D 01
29 9E 11 00 00 89 30 80 0B 90 05 A0 00 28 02 D0 02 D0 02 00 02 A4 00 20 04 0B 00 0A 00 0E 02 E0 01 E9 18 00 10 F0 03 0C 20 00 06 0B 0B 33 0E 1C 2A 38 46 54 62 69 70 77 79 7B 7D 7E 01 02 01 00 09 40 09 BE 19 FC 19 FA 19 F8 1A 38 1A 78 1A B6 2A B6 2A F4 2A F4 4B 34 63 74 00
29 FC A5 A5
29 F0 A5 A5
05 29
29 B0 09
29 F4 10 
29 FE B0
29 FE 30
ff 32
29 2C 00
29 BE 07
</DSIInitSequence>
<DSITermSequence>
 39 9F A5 A5
 05 28 00
 ff 28
 05 10 00
 ff 78
</DSITermSequence>
<Group id='Backlight Configuration'>
 <BacklightType>3</BacklightType>
 <DisplayResetInfo>0 2000 5000 12000 0</DisplayResetInfo>
</Group>

