<?xml version="1.0" encoding="utf-8"?>
<PanelName>SAMSUNG ONEPLUS</PanelName>
<PanelDescription>samsung oneplus cmd mode dsi panel(1440*3120 24bpp)</PanelDescription>
<Group id="Active Timing">
 <HorizontalActive>1440</HorizontalActive>
 <HorizontalFrontPorch>16</HorizontalFrontPorch>
 <HorizontalBackPorch>8</HorizontalBackPorch>
 <HorizontalSyncPulse>8</HorizontalSyncPulse>
 <HorizontalSyncSkew>0</HorizontalSyncSkew>
 <HorizontalLeftBorder>0</HorizontalLeftBorder>
 <HorizontalRightBorder>0</HorizontalRightBorder>
 <VerticalActive>3120</VerticalActive>
 <VerticalFrontPorch>400</VerticalFrontPorch>
 <VerticalBackPorch>1156</VerticalBackPorch>
 <VerticalSyncPulse>28</VerticalSyncPulse>
 <VerticalSyncSkew>0</VerticalSyncSkew>
 <VerticalTopBorder>0</VerticalTopBorder>
 <VerticalBottomBorder>0</VerticalBottomBorder>
 <InvertDataPolarity>False</InvertDataPolarity>
 <InvertVsyncPolairty>False</InvertVsyncPolairty>
 <InvertHsyncPolarity>False</InvertHsyncPolarity>
 <BorderColor>0x0</BorderColor>
</Group>
<Group id="Display Interface">
 <InterfaceType>9</InterfaceType>
 <InterfaceColorFormat>3</InterfaceColorFormat>
</Group>
<Group id="DSI Interface">
 <DSIChannelId>2</DSIChannelId>
 <DSIVirtualId>0</DSIVirtualId>
 <DSIColorFormat>36</DSIColorFormat>
 <DSITrafficMode>1</DSITrafficMode>
 <DSILanes>4</DSILanes>
 <DSIRefreshRate>0x3C0000</DSIRefreshRate>
 <DSICmdSwapInterface>False</DSICmdSwapInterface>
 <DSICmdUsingTrigger>False</DSICmdUsingTrigger>
 <DSIEnableAutoRefresh>True</DSIEnableAutoRefresh>
 <DSIAutoRefreshFrameNumDiv>1</DSIAutoRefreshFrameNumDiv>
 <DSITECheckEnable>True</DSITECheckEnable>
 <DSITEUsingDedicatedTEPin>True</DSITEUsingDedicatedTEPin>
 <DSITEvSyncStartPos>3120</DSITEvSyncStartPos>
 <DSITEvSyncInitVal>3120</DSITEvSyncInitVal>
 <DSIDSCEnable>True</DSIDSCEnable>
 <DSIDSCMajor>1</DSIDSCMajor>
 <DSIDSCMinor>1</DSIDSCMinor>
 <DSIDSCScr>0</DSIDSCScr>
 <DSIDSCProfileID>7</DSIDSCProfileID>
 <DSIDSCSliceWidth>720</DSIDSCSliceWidth>
 <DSIDSCSliceHeight>65</DSIDSCSliceHeight>
 <DSITEvSyncStartPos>3120</DSITEvSyncStartPos>
 <DSITEvSyncInitVal>3120</DSITEvSyncInitVal>
 <DSIPacketTransferHS>True</DSIPacketTransferHS>
 <DSIControllerMapping>
  00
 </DSIControllerMapping>
 <DSILP11AtInit>True</DSILP11AtInit>
</Group>
<DSIInitSequence>
 07 01
 15 C3 00
 39 0A 10 00 00 89 30 80 0C 30 05 A0 00 41 02 D0 02 D0 02 00 02 C2 00 20 06 58 00 0A 00 0F 01 E0 01 2D 18 00 10 F0 03 0C 20 00 06 0B 0B 33 0E 1C 2A 38 46 54 62 69 70 77 79 7B 7D 7E 01 02 01 00 09 40 09 BE 19 FC 19 FA 19 F8 1A 38 1A 78 1A B6 2A B6 2A F4 2A F4 4B 34 63 74 00

 05 11
 FF 0A

 15 35 00
 39 2A 00 00 05 9F
 39 2B 00 00 0C 2F
 39 F0 5A 5A
 39 B9 01 C0 3C 0B 00 00 00 11 03
 39 F0 A5 A5
 39 F0 5A 5A
 15 B0 45
 15 B5 48
 39 F0 A5 A5
 39 F0 5A 5A
 39 FC 5A 5A
 15 B0 1E
 39 C5 08 10 B4 24 FB
 39 F0 A5 A5
 39 FC A5 A5
 39 F0 5A 5A
 39 FC 5A 5A
 15 B0 37
 39 C5 04 FF 00 01 64
 39 F0 A5 A5
 39 FC A5 A5
 39 FC 5A 5A
 15 B0 86
 15 EB 01
 39 FC A5 A5

 39 F0 5A 5A
 15 B0 05
 15 B1 01
 15 B0 02
 15 B5 D3
 39 53 20
 39 F0 A5 A5

 05 29
 FF 64
 29 81 80
 FF 0A
 29 F0 5A 5A
 FF 0A
 29 B0 02
 FF 0A
 29 67 D3 03 00 11 E4 01 0B 06 F0 1A FA FC E5 09 F6 EA F3 01 FC FF EA
 29 67 00 00
 29 F0 A5 A5
</DSIInitSequence>
<DSITermSequence>
 05 28 00
 FF 0A
 05 10 00
 FF 78
</DSITermSequence>
<Group id='Backlight Configuration'>
 <BacklightType>3</BacklightType>
 <DisplayResetInfo>0 2000 5000 12000 0</DisplayResetInfo>
</Group>

