<?xml version=\"1.0\" encoding=\"utf-8\"?>
<PanelName>SOFEF00_M</PanelName>
<PanelDescription>samsung SOFEF00_M video mode dsi panel(1080x2280 24bpp)</PanelDescription>
<Group id=\"Active Timing\">
 <HorizontalActive>1080</HorizontalActive>
 <HorizontalFrontPorch>112</HorizontalFrontPorch>
 <HorizontalBackPorch>36</HorizontalBackPorch>
 <HorizontalSyncPulse>16</HorizontalSyncPulse>
 <HorizontalSyncSkew>0</HorizontalSyncSkew>
 <HorizontalLeftBorder>0</HorizontalLeftBorder>
 <HorizontalRightBorder>0</HorizontalRightBorder>
 <VerticalActive>2280</VerticalActive>
 <VerticalFrontPorch>36</VerticalFrontPorch>
 <VerticalBackPorch>12</VerticalBackPorch>
 <VerticalSyncPulse>8</VerticalSyncPulse>
 <VerticalSyncSkew>0</VerticalSyncSkew>
 <VerticalTopBorder>0</VerticalTopBorder>
 <VerticalBottomBorder>0</VerticalBottomBorder>
 <InvertDataPolarity>False</InvertDataPolarity>
 <InvertVsyncPolairty>False</InvertVsyncPolairty>
 <InvertHsyncPolarity>False</InvertHsyncPolarity>
 <BorderColor>0x0</BorderColor>
</Group>
<Group id="Display Interface">
 <InterfaceType>8</InterfaceType>
 <InterfaceColorFormat>3</InterfaceColorFormat>
</Group>
<Group id="DSI Interface">
 <DSIChannelId>1</DSIChannelId>
 <DSIVirtualId>0</DSIVirtualId>
 <DSIColorFormat>36</DSIColorFormat>
 <DSITrafficMode>1</DSITrafficMode>
 <DSILanes>4</DSILanes>
 <DSIRefreshRate>0x3C0000</DSIRefreshRate>
 <DSICmdSwapInterface>False</DSICmdSwapInterface>
 <DSICmdUsingTrigger>False</DSICmdUsingTrigger>
 <DSIEnableAutoRefresh>True</DSIEnableAutoRefresh>
 <DSIAutoRefreshFrameNumDiv>1</DSIAutoRefreshFrameNumDiv>
 <DSIControllerMapping>
  00 
 </DSIControllerMapping>
</Group>
<DSIInitSequence>
 05 11 00
 ff 0A
 39 F0 5A 5A
 15 35 00
 39 F0 A5 A5
 15 53 20
 15 55 00
 ff 78
 05 29 00
</DSIInitSequence>
<DSITermSequence>
 05 28 00
 ff 28
 05 10 00
 ff 82
</DSITermSequence>
<Group id='Backlight Configuration'>
 <BacklightType>3</BacklightType>
 <DisplayResetInfo>0 2000 5000 12000 0</DisplayResetInfo>
</Group>
