<?xml version=\"1.0\" encoding=\"utf-8\"?>
<PanelName>samsungDSC-PANEL</PanelName>
<PanelDescription>Sumsung Single DSI Cmd Mode Panel with DSC (1080x2340 24bpp)</PanelDescription>
<PanelId>0x000901</PanelId>
<Group id=\"Active Timing\">
 <HorizontalActive>1080</HorizontalActive>
 <HorizontalFrontPorch>72</HorizontalFrontPorch>
 <HorizontalBackPorch>36</HorizontalBackPorch>
 <HorizontalSyncPulse>16</HorizontalSyncPulse>
 <HorizontalSyncSkew>0</HorizontalSyncSkew>
 <HorizontalLeftBorder>0</HorizontalLeftBorder>
 <HorizontalRightBorder>0</HorizontalRightBorder>
 <VerticalActive>2340</VerticalActive>
 <VerticalFrontPorch>32</VerticalFrontPorch>
 <VerticalBackPorch>18</VerticalBackPorch>
 <VerticalSyncPulse>4</VerticalSyncPulse>
 <VerticalSyncSkew>0</VerticalSyncSkew>
 <VerticalTopBorder>0</VerticalTopBorder>
 <VerticalBottomBorder>0</VerticalBottomBorder>
 <InvertDataPolarity>False</InvertDataPolarity>
 <InvertVsyncPolairty>False</InvertVsyncPolairty>
 <InvertHsyncPolarity>False</InvertHsyncPolarity>
 <BorderColor>0x0</BorderColor>
</Group>
<Group id=\"Display Interface\">
 <InterfaceType>9</InterfaceType>
 <InterfaceColorFormat>3</InterfaceColorFormat>
</Group>
<Group id=\"DSI Interface\">
 <DSIChannelId>2</DSIChannelId>
 <DSIVirtualId>0</DSIVirtualId>
 <DSIColorFormat>36</DSIColorFormat>
 <DSITrafficMode>1</DSITrafficMode>
 <DSILanes>4</DSILanes>
 <DSIRefreshRate>0x3C0000</DSIRefreshRate>
 <DSICmdSwapInterface>False</DSICmdSwapInterface>
 <DSICmdUsingTrigger>False</DSICmdUsingTrigger>
 <DSIEnableAutoRefresh>True</DSIEnableAutoRefresh>
 <DSIAutoRefreshFrameNumDiv>2</DSIAutoRefreshFrameNumDiv>
 <DSITECheckEnable>True</DSITECheckEnable>
 <DSITEUsingDedicatedTEPin>True</DSITEUsingDedicatedTEPin>
 <DSITEvSyncStartPos>2340</DSITEvSyncStartPos>
 <DSITEvSyncInitVal>2340</DSITEvSyncInitVal>
 <DSIDSCEnable>True</DSIDSCEnable>
 <DSIDSCMajor>1</DSIDSCMajor>
 <DSIDSCMinor>1</DSIDSCMinor>
 <DSIDSCScr>0</DSIDSCScr>
 <DSIDSCProfileID>7</DSIDSCProfileID>
 <DSIDSCSliceWidth>540</DSIDSCSliceWidth>
 <DSIDSCSliceHeight>60</DSIDSCSliceHeight>
 <DSIControllerMapping>
  00
 </DSIControllerMapping>




</Group>
<DSIInitSequence>
 07 01
 39 0A 11 00 00 89 30 80 09 24 04 38 00 3C 02 1C 02 1C 02 00 02 0E 00 20 05 D2 00 07 00 0C 01 A1 01 B2 18 00 10 F0 03 0C 20 00 06 0B 0B 33 0E 1C 2A 38 46 54 62 69 70 77 79 7B 7D 7E 01 02 01 00 09 40 09 BE 19 FC 19 FA 19 F8 1A 38 1A 78 1A B6 2A F6 2B 34 2B 74 3B 74 6B F4 00 
 05 11
 ff 78
 15 35 00
 39 53 28
 15 55 00
 39 FC 5A 5A 
 39 C5 0D 10 B4 62 1A
 39 FC A5 A5
 05 29
 ff 28
</DSIInitSequence>
<DSITermSequence>
 05 28
 05 10
</DSITermSequence>
<Group id='Backlight Configuration'>
 <BacklightType>3</BacklightType>
 <DisplayResetInfo>0 2000 5000 12000 0</DisplayResetInfo>
</Group>