<?xml version="1.0" encoding="utf-8"?>
<PanelDescription>Sharp DSI Command Mode Panel (1080x1920 24bpp)</PanelDescription>
<Group id="Active Timing">
 <HorizontalActive>1080</HorizontalActive>
 <HorizontalFrontPorch>0</HorizontalFrontPorch>
 <HorizontalBackPorch>0</HorizontalBackPorch>
 <HorizontalSyncPulse>0</HorizontalSyncPulse>
 <HorizontalSyncSkew>0</HorizontalSyncSkew>
 <HorizontalLeftBorder>0</HorizontalLeftBorder>
 <HorizontalRightBorder>0</HorizontalRightBorder>
 <VerticalActive>1920</VerticalActive>
 <VerticalFrontPorch>0</VerticalFrontPorch>
 <VerticalBackPorch>0</VerticalBackPorch>
 <VerticalSyncPulse>0</VerticalSyncPulse>
 <VerticalSyncSkew>0</VerticalSyncSkew>
 <VerticalTopBorder>0</VerticalTopBorder>
 <VerticalBottomBorder>0</VerticalBottomBorder>
 <InvertDataPolarity>False</InvertDataPolarity>
 <InvertVsyncPolairty>False</InvertVsyncPolairty>
 <InvertHsyncPolarity>False</InvertHsyncPolarity>
 <BorderColor>0x0</BorderColor>
</Group>
<Group id="Display Interface">
 <InterfaceType>9</InterfaceType>
 <InterfaceColorFormat>3</InterfaceColorFormat>
</Group>
<Group id="DSI Interface">
 <DSIChannelId>2</DSIChannelId>
 <DSIVirtualId>0</DSIVirtualId>
 <DSIColorFormat>36</DSIColorFormat>
 <DSITrafficMode>1</DSITrafficMode>
 <DSILanes>4</DSILanes>
 <DSIRefreshRate>0x3C0000</DSIRefreshRate>
 <DSICmdSwapInterface>False</DSICmdSwapInterface>
 <DSICmdUsingTrigger>False</DSICmdUsingTrigger>
 <DSIEnableAutoRefresh>True</DSIEnableAutoRefresh>
 <DSIAutoRefreshFrameNumDiv>1</DSIAutoRefreshFrameNumDiv>
 <DSIClockHSForceRequest>1</DSIClockHSForceRequest>
 <DSITECheckEnable>True</DSITECheckEnable>
 <DSITEUsingDedicatedTEPin>True</DSITEUsingDedicatedTEPin>
 <DSITEvSyncStartPos>1920</DSITEvSyncStartPos>
 <DSITEvSyncInitVal>1920</DSITEvSyncInitVal>
 <DSIControllerMapping>
  00 
 </DSIControllerMapping>
</Group>
<DSIInitSequence>
 15 bb 10
 15 b0 03
 05 11 00
 ff 78
 15 51 ff
 15 53 24
 15 ff 23
 15 08 05
 15 46 90
 15 ff 10
 15 ff f0
 15 92 01
 15 ff 10
 15 35 00
 05 29 00
 ff 64
</DSIInitSequence>
<DSITermSequence>
 05 28
 05 10
</DSITermSequence>
<TLMMGPIODefaultHigh units='hex list'>7</TLMMGPIODefaultHigh>
<Group id='Backlight Configuration'>
 <BacklightType>1</BacklightType>
 <BacklightPmicControlType>2</BacklightPmicControlType>
</Group>
