<?xml version="1.0" encoding="utf-8"?>
<PanelName>Sofef00m_amoled_screen</PanelName>
<PanelDescription>SOFEF00M Single DSI Command Mode Panel (1080x2232 24bpp)</PanelDescription>
<Group id="Active Timing">
 <HorizontalActive>1080</HorizontalActive>
 <HorizontalFrontPorch>66</HorizontalFrontPorch>
 <HorizontalBackPorch>66</HorizontalBackPorch>
 <HorizontalSyncPulse>20</HorizontalSyncPulse>
 <HorizontalSyncSkew>0</HorizontalSyncSkew>
 <HorizontalLeftBorder>0</HorizontalLeftBorder>
 <HorizontalRightBorder>0</HorizontalRightBorder>
 <VerticalActive>2232</VerticalActive>
 <VerticalFrontPorch>8</VerticalFrontPorch>
 <VerticalBackPorch>12</VerticalBackPorch>
 <VerticalSyncPulse>4</VerticalSyncPulse>
 <VerticalSyncSkew>0</VerticalSyncSkew>
 <VerticalTopBorder>0</VerticalTopBorder>
 <VerticalBottomBorder>0</VerticalBottomBorder>
 <InvertDataPolarity>False</InvertDataPolarity>
 <InvertVsyncPolairty>False</InvertVsyncPolairty>
 <InvertHsyncPolarity>False</InvertHsyncPolarity>
 <BorderColor>0x0</BorderColor>
</Group>
<Group id="Display Interface">
 <InterfaceType>9</InterfaceType>
 <InterfaceColorFormat>3</InterfaceColorFormat>
</Group>
<Group id="DSI Interface">
 <DSIChannelId>2</DSIChannelId>
 <DSIVirtualId>0</DSIVirtualId>
 <DSIColorFormat>36</DSIColorFormat>
 <DSITrafficMode>1</DSITrafficMode>
 <DSILanes>4</DSILanes>
 <DSILP11AtInit>True</DSILP11AtInit>
 <DSIRefreshRate>0x3C0000</DSIRefreshRate>
 <DSICmdSwapInterface>False</DSICmdSwapInterface>
 <DSICmdUsingTrigger>False</DSICmdUsingTrigger>
 <DSIEnableAutoRefresh>True</DSIEnableAutoRefresh>
 <DSIAutoRefreshFrameNumDiv>1</DSIAutoRefreshFrameNumDiv>
 <DSITECheckEnable>True</DSITECheckEnable>
 <DSITEUsingDedicatedTEPin>True</DSITEUsingDedicatedTEPin>
 <DSITEvSyncStartPos>2232</DSITEvSyncStartPos>
 <DSITEvSyncInitVal>2232</DSITEvSyncInitVal>
 <DSICmdModePixelAlignment>1</DSICmdModePixelAlignment>
 <DSITimingCLKZeroOverride>True</DSITimingCLKZeroOverride>
 <DSITimingCLKZeroValue>312</DSITimingCLKZeroValue>
 <DSITimingCLKPrepareOverride>True</DSITimingCLKPrepareOverride>
 <DSITimingCLKPrepareValue>56</DSITimingCLKPrepareValue>
 <DSIControllerMapping>
  00
 </DSIControllerMapping>
</Group>
<DSIInitSequence>
 05 11
 FF 0A
 39 F0 5A 5A
 15 35 00
 39 F0 A5 A5
 39 2A 00 00 04 37
 39 2B 00 00 08 B7
 39 F0 5A 5A
 39 B7 01 5B
 39 F0 A5 A5
 39 F0 5A 5A
 39 DD 40 00
 39 F0 A5 A5
 15 53 28
 39 51 00 00
 15 55 00
 39 F0 5A 5A
 39 B0 06
 39 B7 06
 39 F0 A5 A5
 39 F0 5A 5A
 39 B0 01
 39 B1 AF 0A 05 3D CB 15 05 06 B9 4B E4 DA C5 12 CB EF E4 1B FF FF FF F0 0E 07 00 BE 00 05 06 B9 00 D7 CF FF 17 D1 F0 E2 14 FF FF FF BC 01 00 14 D1 01 05 06 B9 1E EF E2 D6 06 C9 F0 E1 01 FF FF FF
 39 F0 A5 A5
 39 F0 5A 5A
 39 B1 00
 39 81 92
 39 F0 A5 A5
 39 F0 5A 5A
 39 E1 00 00 02 00 42 02
 39 E2 00 00 00 00 00 00
 39 B0 0C
 39 E1 19
 39 F0 A5 A5
 FF 6E
 05 29
</DSIInitSequence>
<DSITermSequence>
 05 28
 05 10
</DSITermSequence>
<TLMMGPIODefaultLow>07</TLMMGPIODefaultLow>
<Group id='Backlight Configuration'>
 <BacklightType>1</BacklightType>
 <DisplayResetInfo>0 10 1000 10000 0</DisplayResetInfo>
 <BacklightPmicControlType>2</BacklightPmicControlType>
</Group>
