<?xml version="1.0" encoding="utf-8"?>
<PanelName>LS055D1SX04</PanelName>
<PanelDescription>Sharp Dual DSI Command Mode DSC Panel (2160x3840 24bpp)</PanelDescription>
<Group id="Active Timing">
 <HorizontalActive>2160</HorizontalActive>
 <HorizontalFrontPorch>30</HorizontalFrontPorch>
 <HorizontalBackPorch>100</HorizontalBackPorch>
 <HorizontalSyncPulse>4</HorizontalSyncPulse>
 <HorizontalSyncSkew>0</HorizontalSyncSkew>
 <HorizontalLeftBorder>0</HorizontalLeftBorder>
 <HorizontalRightBorder>0</HorizontalRightBorder>
 <VerticalActive>3840</VerticalActive>
 <VerticalFrontPorch>8</VerticalFrontPorch>
 <VerticalBackPorch>7</VerticalBackPorch>
 <VerticalSyncPulse>1</VerticalSyncPulse>
 <VerticalSyncSkew>0</VerticalSyncSkew>
 <VerticalTopBorder>0</VerticalTopBorder>
 <VerticalBottomBorder>0</VerticalBottomBorder>
 <InvertDataPolarity>False</InvertDataPolarity>
 <InvertVsyncPolairty>False</InvertVsyncPolairty>
 <InvertHsyncPolarity>False</InvertHsyncPolarity>
 <BorderColor>0x0</BorderColor>
</Group>
<Group id="Display Interface">
 <InterfaceType>9</InterfaceType>
 <InterfaceColorFormat>3</InterfaceColorFormat>
</Group>
<Group id="DSI Interface">
 <DSIChannelId>2</DSIChannelId>
 <DSIVirtualId>0</DSIVirtualId>
 <DSIColorFormat>36</DSIColorFormat>
 <DSITrafficMode>1</DSITrafficMode>
 <DSILanes>4</DSILanes>
 <DSIRefreshRate>0x3C0000</DSIRefreshRate>
 <DSICmdSwapInterface>False</DSICmdSwapInterface>
 <DSICmdUsingTrigger>False</DSICmdUsingTrigger>
 <DSIEnableAutoRefresh>True</DSIEnableAutoRefresh>
 <DSIAutoRefreshFrameNumDiv>2</DSIAutoRefreshFrameNumDiv>
 <DSITECheckEnable>True</DSITECheckEnable>
 <DSITEUsingDedicatedTEPin>True</DSITEUsingDedicatedTEPin>
 <DSITEvSyncStartPos>3840</DSITEvSyncStartPos>
 <DSITEvSyncInitVal>3840</DSITEvSyncInitVal>
 <DSICmdModePixelAlignment>1</DSICmdModePixelAlignment>
 <DSIDSCEnable>True</DSIDSCEnable>
 <DSIDSCMajor>1</DSIDSCMajor>
 <DSIDSCMinor>1</DSIDSCMinor>
 <DSIDSCScr>0</DSIDSCScr>
 <DSIDSCProfileID>4</DSIDSCProfileID>
 <DSIDSCSliceWidth>1080</DSIDSCSliceWidth>
 <DSIDSCSliceHeight>32</DSIDSCSliceHeight>
 <DSIControllerMapping>
  00 01
 </DSIControllerMapping>
</Group>
<DSIInitSequence>
 39 91 09 20 00 20 02 00 03 1C 04 21 00 0F 03 19 01 97
 39 92 10 F0
 15 90 03
 15 03 01
 39 F0 55 AA 52 08 04
 15 C0 03
 39 F0 55 AA 52 08 07
 15 EF 01
 39 F0 55 AA 52 08 00
 15 B4 01
 15 35 00
 39 F0 55 AA 52 08 01
 39 FF AA 55 A5 80
 15 6F 01
 15 F3 10
 39 FF AA 55 A5 00
 05 11
 FF 78
 05 29
 FF 78
</DSIInitSequence>
<DSITermSequence>
 05 28
 05 10
</DSITermSequence>
<Group id='Backlight Configuration'>
 <BacklightType>1</BacklightType>
 <DisplayResetInfo>0 10 1000 10000 0</DisplayResetInfo>
 <BacklightPmicControlType>2</BacklightPmicControlType>
</Group>
